Du;Au;Nom de la course;Catégorie;Organisateur;Discipline;Département;lieu
15/10/23;15/10/23;GENTLEMAN DE SCIENTRIER;Gentlemen;Comité départemental Haute-Savoie FFC;Route;74;SCIENTRIER
14/10/23;14/10/23;TROPHEE DES GRIMPEURS LAVOUTE CHILHAC FERRUSSAC;Grimpée chronométrée;VELO SPORT BRIVADOIS ;Route;43;SAINT CIRGUES-LAVOUTE CHILHAC
14/10/23;14/10/23;GENTLEMAN CALADOIS;Gentlemen;V.C. VILLEFRANCHE BEAUJOLAIS;Route;69;GLEIZE
14/10/23;14/10/23;CHALLENGE DES MURES;Test chronométré;E.C. MUROISE;Route;69;SAINT LAURENT DE MURE
08/10/23;08/10/23;FINALE TDJV/TDJC;Ecole de route;Comité départemental Haute-Savoie FFC;Route;74;SAMOENS
08/10/23;08/10/23;CYCLO LES HÉROS;Cyclosportive;ALPES VELO;Route;1;SAINT-VULBAS
07/10/23;07/10/23;GENTLEMEN DE TAPONAS;Gentlemen;CYCL'HAUT MAURIENNAIS;Route;69;BELLEVILLE
07/10/23;07/10/23;L'AIN VÉLO VINTAGE;Randonnée;ALPES VELO;Route;1;SAINT-VULBAS
01/10/23;01/10/23;CYCLO-CROSS SCIONZIER - ÉCOLE ROUTE/ VTT;Ecole de route;V.C. CLUSES SCIONZIER;Route;74;SCIONZIER 
01/10/23;01/10/23;PRIX DE SAINT REMY;Access hommes;E.C. BOURG EN BRESSE;Route;1;SAINT RÉMY
01/10/23;01/10/23;PRIX DE SAINT REMY;U17 hommes;E.C. BOURG EN BRESSE;Route;1;SAINT RÉMY
01/10/23;01/10/23;PRIX DE SAINT REMY;Ecole de route;E.C. BOURG EN BRESSE;Route;1;SAINT RÉMY
01/10/23;01/10/23;PRIX DE FOURNEAUX;Open1 hommes et +;C.R.4 CHEMINS/ROANNE;Route;42;FOURNEAUX
01/10/23;01/10/23;PRIX DE MANZIAT;Elites hommes (régional) et +;BOURG EN BRESSE AIN CYCLISME;Route;1;MANZIAT
01/10/23;01/10/23;GRAND PRIX DE SAINT PIERRE EN FAUCIGNY;Access hommes;BONNEVILLE ARVE ET BORNE CYCLISME;Route;74;SAINT PIERRE EN FAUCIGNY
01/10/23;01/10/23;GRAND PRIX DE SAINT PIERRE EN FAUCIGNY;U17 hommes;BONNEVILLE ARVE ET BORNE CYCLISME;Route;74;SAINT PIERRE EN FAUCIGNY
24/09/23;24/09/23;GENTLEMEN;Gentlemen;V C PAYS DE SAINT-FLOUR ;Route;15;PAULHAC / VALUÉJOLS
24/09/23;24/09/23;CHRONO DE L'OMS - CHAMPIONNAT DE HAUTE-SAVOIE DU CLM;Test chronométré;U.C. THONONAISE;Route;74;THONON LES BAINS
24/09/23;24/09/23;TOUR DU PAYS DE GEX ( À CONFIRMER );Elites hommes (régional) et +;U.C. GESSIENNE;Route;1;SAINT GENIS POUILLY
23/09/23;23/09/23;MONTEE DE BERZET;Test chronométré;V C COURNON D'AUVERGNE;Route;63;COURNON D'AUVERGNE
17/09/23;17/09/23;3ÈME TOUR DU HAUT BUGEY;Open1 hommes et +;IZERNORE VEL'HAUT BUGEY;Route;1;MAILLAT
17/09/23;17/09/23;3ÈME TOUR DU HAUT BUGEY;Access hommes;IZERNORE VEL'HAUT BUGEY;Route;1;MAILLAT
17/09/23;17/09/23;3ÈME TOUR DU HAUT BUGEY;Elites femmes (régional) et +;IZERNORE VEL'HAUT BUGEY;Route;1;MAILLAT
17/09/23;17/09/23;3ÈME TOUR DU HAUT BUGEY;U15+U17 femmes;IZERNORE VEL'HAUT BUGEY;Route;1;MAILLAT
17/09/23;17/09/23;3ÈME TOUR DU HAUT BUGEY;U17 hommes;IZERNORE VEL'HAUT BUGEY;Route;1;MAILLAT
17/09/23;17/09/23;3ÈME TOUR DU HAUT BUGEY;U15 hommes;IZERNORE VEL'HAUT BUGEY;Route;1;MAILLAT
17/09/23;17/09/23;GRAND PRIX DU DOMAINE UNIVERSITAIRE DE GRENOBLE;Access hommes;G.M.C. 38 (EYBENS FORMATION);Route;38;DOMAINE UNIVERSITAIRE DE GRENOBLE
17/09/23;17/09/23;GRAND PRIX DU DOMAINE UNIVERSITAIRE DE GRENOBLE;U17 hommes;G.M.C. 38 (EYBENS FORMATION);Route;38;DOMAINE UNIVERSITAIRE DE GRENOBLE
17/09/23;17/09/23;GRAND PRIX DU DOMAINE UNIVERSITAIRE DE GRENOBLE;Ecole de route;G.M.C. 38 (EYBENS FORMATION);Route;38;DOMAINE UNIVERSITAIRE DE GRENOBLE
16/09/23;16/09/23;PRIX EUGENE DAUPHIN;Ecole de route;VELO CLUB AMBERTOIS ;Route;63;BERTIGNAT
16/09/23;16/09/23;GRAND PRIX DE VARENNES;Elites hommes (régional) et +;U C VARENNES SAINT POURCAIN ;Route;3;VARENNES-SUR-ALLIER 
16/09/23;16/09/23;MANCHE TDJC CYCLO-CROSS;Ecole de route;TEAM ALLINGES PUBLIER;Route;74;AMPHION LES BAINS
16/09/23;17/09/23;LES RONDES DES ADHEMAR  2EME MANCHE;Open2 hommes et +;SJVC MONTELIMAR;Route;26;CHATEAUNEUF ET ALLAN 
11/09/23;11/09/23;GRAND PRIX JEAN VANNIER;Elites hommes (régional) et +;ISSOIRE CYCLISME;Route;1;ISSOIRE
10/09/23;10/09/23;GRAND PRIX DU FAUCIGNY - TROPHEE JEAN LAIN SKODA;Access hommes;V.C. CLUSES SCIONZIER;Route;74;SCIONZIER
10/09/23;10/09/23;GRAND PRIX DU FAUCIGNY - TROPHEE JEAN LAIN SKODA;U17 hommes;V.C. CLUSES SCIONZIER;Route;74;SCIONZIER
10/09/23;10/09/23;GRAND PRIX DU FAUCIGNY - TROPHEE JEAN LAIN SKODA;Elites hommes (régional) et +;V.C. CLUSES SCIONZIER;Route;74;SCIONZIER
10/09/23;10/09/23;GRAND PRIX DE VOIRON "SOUVENIR DOMINIQUE MORENO";Ecole de route;U.C. VOIRONNAISE;Route;38;VOIRON
10/09/23;10/09/23;21EME GRAND PRIX D'ARDOIX;U15 hommes;SARRAS ST VALLIER CYCLISME;Route;7;ARDOIX
10/09/23;10/09/23;21EME GRAND PRIX D'ARDOIX;U17 hommes;SARRAS ST VALLIER CYCLISME;Route;7;ARDOIX
10/09/23;10/09/23;21EME GRAND PRIX D'ARDOIX;Ecole de route;SARRAS ST VALLIER CYCLISME;Route;7;ARDOIX
10/09/23;10/09/23;CLASSIC JEAN-PATRICK DUBUISSON CDF NATIONALE 3;Elite nationale hommes;CLASSIC JEAN PATRICK DUBUISSON ORGANISATIONS ;Route;3;
10/09/23;10/09/23;PRIX DE LA ZONE DES GRANGES;U17 hommes;COURS LA VILLE CYCLISME;Route;69;BOURG DE THIZY
10/09/23;10/09/23;PRIX DE LA ZONE DES GRANGES;Ecole de route;COURS LA VILLE CYCLISME;Route;69;BOURG DE THIZY
10/09/23;10/09/23;LA REMI CAVAGNA;Cyclosportive;C.R.4 CHEMINS/ROANNE;Route;42;SAINT JUSAINT EN CHEVALET
09/09/23;09/09/23;LA SANSACOISE;Randonnée;VELO CLUB SANSAC ARPAJON ;Route;15;SANSAC DE MARMIESSE
09/09/23;10/09/23;TOUR DU PAYS VOIRONNAIS;Access hommes;U.C. VOIRONNAISE;Route;38;VOIRONNAIS
09/09/23;10/09/23;TOUR DU PAYS VOIRONNAIS FEMININ;Elites femmes (régional) et +;U.C. VOIRONNAISE;Route;38;VOIRONNAIS
09/09/23;10/09/23;TOUR DU PAYS VOIRONNAIS U17;U17 hommes;U.C. VOIRONNAISE;Route;38;VOIRONNAIS
09/09/23;09/09/23;TOUR DU PAYS VOIRONNAIS U15;U15 hommes;U.C. VOIRONNAISE;Route;38;SAINT ETIENNE DE CROSSEY
09/09/23;10/09/23;TOUR DU PAYS VOIRONNAIS;Open3 hommes et +;U.C. VOIRONNAISE;Route;38;PAYS VOIRONNAIS
09/09/23;09/09/23;GRAND PRIX DE LA VILLE DE BELLEY;Access hommes;U.C. CULOZ/BELLEY;Route;1;BELLEY
09/09/23;09/09/23;GRAND PRIX DE LA VILLE DE BELLEY;Open3 hommes et +;U.C. CULOZ/BELLEY;Route;1;BELLEY
09/09/23;09/09/23;LA CLASSIC JP DUBUISSON U19;U19 hommes fédéral;CLASSIC JEAN PATRICK DUBUISSON ORGANISATIONS ;Route;3;CHAZEMAIS
09/09/23;09/09/23;PRIX DU COMITE DES FETES DE LAPALISSE;Open1 hommes et +;AVENIR CYCLISTE CUSSET ;Route;3;LAPALISSE
05/09/23;11/09/23;TOUR CYCLISTE INTERNATIONALE FEMININ DE L'ARDECHE;UCI Femmes;VC VALLEE RHONE ARDECHOISE;Route;7;
03/09/23;03/09/23;LA RONDE DU PARC ;U17 hommes;SJVC MONTELIMAR;Route;26;MONTELIMAR
03/09/23;03/09/23;LA RONDE DU PARC;U15 hommes;SJVC MONTELIMAR;Route;26;MONTELIMAR
03/09/23;03/09/23;LES RONDES DES ADHEMAR 1ERE MANCHE;Open2 hommes et +;SJVC MONTELIMAR;Route;26;MONTELIMAR
03/09/23;03/09/23;GRAND PRIX DE CERVENS;U17 hommes;EVIAN VELO;Route;74;CERVENS
03/09/23;03/09/23;GRAND PRIX DE CERVENS;Ecole de route;EVIAN VELO;Route;74;CERVENS
03/09/23;03/09/23;PRIX D'EVIRES;Elites femmes (régional) et +;Comité départemental Haute-Savoie FFC;Route;74;EVIRES
03/09/23;03/09/23;PRIX D'EVIRES;Access hommes;Comité départemental Haute-Savoie FFC;Route;74;EVIRES
03/09/23;03/09/23;PRIX D'EVIRES;Open1 hommes et +;Comité départemental Haute-Savoie FFC;Route;74;EVIRES
02/09/23;02/09/23;RANDO DE L'ACVA;Randonnée;A C V AURILLACOIS ;Route;15;BOUDIEU BAS AURILLAC
01/09/23;01/09/23;NOCTURNE DE LA FETE;Open2 hommes et +;V.C. FEURS/BALBIGNY;Route;42;FEURS
29/08/23;02/09/23;TOUR DE L AVENIR FEMININ;UCI Femmes;ALPES VELO;Route;1;
28/08/23;28/08/23;PRIX DE POMMIERS;Open1 hommes et +;C.R.4 CHEMINS/ROANNE;Route;42;POMMIERS
27/08/23;27/08/23;PRIX DE LA MUNICIPALITE DE RUMILLY;Open1 hommes et +;V.C. RUMILLIEN;Route;74;RUMILLY
27/08/23;27/08/23;PRIX DE LA MUNICIPALITE DE RUMILLY;Access hommes;V.C. RUMILLIEN;Route;74;RUMILLY
27/08/23;27/08/23;TP RAOUX;U15 hommes;V.C. PIERRELATTE;Route;26;PIERRELATTE 
27/08/23;27/08/23;TP RAOUX;U17 hommes;V.C. PIERRELATTE;Route;26;PIERRELATTE 
27/08/23;27/08/23;TP RAOUX;Access hommes;V.C. PIERRELATTE;Route;26;PIERRELATTE 
27/08/23;27/08/23;TP RAOUX;Elites hommes (régional) et +;V.C. PIERRELATTE;Route;26;PIERRELATTE 
27/08/23;27/08/23;MINIMES - FINALE DU TROPHEE V.LAVENU;U15 hommes;V.C. BOURGOIN JALLIEU;Route;38;CHARANTONNAY
27/08/23;27/08/23;CADETS - FINALE DU TROPHEE V.LAVENU;U17 hommes;V.C. BOURGOIN JALLIEU;Route;38;CHARANTONNAY
27/08/23;27/08/23;FEMININES MINIMES - FINALE DU TROPHEE V.LAVENU;U15 femmes;V.C. BOURGOIN JALLIEU;Route;38;CHARANTONNAY
27/08/23;27/08/23;GRAND PRIX DE CHARANTONNAY;Elites femmes (régional) et +;V.C. BOURGOIN JALLIEU;Route;38;CHARANTONNAY
27/08/23;27/08/23;GRAND PRIX DE CHARANTONNAY;Access hommes;V.C. BOURGOIN JALLIEU;Route;38;CHARANTONNAY
27/08/23;27/08/23;FEMININES CADETTES - FINALE DU TROPHEE V. LAVENU;U17 femmes;V.C. BOURGOIN JALLIEU;Route;38;CHARANTONNAY
27/08/23;27/08/23;DVELOS LAC D'ANNECY;Cyclosportive;OUTDOOR SPORT ORGANISATION;Route;74;SAINT JORIOZ
27/08/23;27/08/23;PRIX BERNARD GOUTAUDIER;Ecole de route;CLASSIC JEAN PATRICK DUBUISSON ORGANISATIONS ;Route;3;SAINT ANGEL
27/08/23;27/08/23;PRIX BERNARD GOUTAUDIER;Open1 hommes et +;CLASSIC JEAN PATRICK DUBUISSON ORGANISATIONS ;Route;3;SAINT ANGEL
27/08/23;27/08/23;PRIX DE CHAVANNES SUR REYSSOUZE;Elites hommes (régional) et +;BOURG EN BRESSE AIN CYCLISME;Route;1;CHAVANNES SUR REYSSOUZE
27/08/23;27/08/23;PRIX DE CHAVANNES SUR REYSSOUZE;Access hommes;BOURG EN BRESSE AIN CYCLISME;Route;1;CHAVANNES SUR REYSSOUZE
25/08/23;27/08/23;TOUR DU LEMAN JUNIORS;U19 hommes régional;Comité départemental Haute-Savoie FFC;Route;74;AIN/HAUTE SAVOIE/VAUD/VALAIS/GENÈVE
21/08/23;21/08/23;GRAND PRIX DU PIC;Access hommes;V.C. MONTBRISONNAIS;Route;42;MONTVERDUN
21/08/23;21/08/23;GRAND PRIX DU PIC;Open3 hommes et +;V.C. MONTBRISONNAIS;Route;42;MONTVERDUN
20/08/23;20/08/23;GRIMPEE DE LA CROISETTE;Grimpée chronométrée;V.C. ST JULIEN EN GENEVOIS;Route;74;ARCHAMPS
20/08/23;20/08/23;GRAND PRIX DE LA SAINT BARTHELEMY;Access hommes;V.C. MONTBRISONNAIS;Route;42;SAINT BONNET LE COURREAU
20/08/23;20/08/23;GRAND PRIX DE LA SAINT BARTHELEMY;Open2 hommes et +;V.C. MONTBRISONNAIS;Route;42;SAINT BONNET LE COURREAU
20/08/23;20/08/23;PRIX DE LA VILLE D ARBENT;Access hommes;E.C. ARBENT-MARCHON;Route;1;ARBENT
20/08/23;20/08/23;PRIX DE LA VILLE D ARBENT;U17 hommes;E.C. ARBENT-MARCHON;Route;1;ARBENT
20/08/23;20/08/23;PRIX DE SAINT AMOUR;Elites hommes (régional) et +;BOURG EN BRESSE AIN CYCLISME;Route;1;39 AINT AMOUR
19/08/23;19/08/23;PROLOGUE ACCESS AU CRITERIUM DE MONTROND LES BAINS;Access hommes;U.C. FOREZ 42;Route;42;MONTROND LES BAINS
19/08/23;19/08/23;PROLOGUE FEMININ AU CRITERIUM DE MONTROND LES BAINS;Elites femmes (régional) et +;U.C. FOREZ 42;Route;42;MONTROND LES BAINS
19/08/23;19/08/23;CRITERIUM DE MONTROND LES BAINS;Open1 hommes et +;U.C. FOREZ 42;Route;42;MONTROND LES BAINS
19/08/23;27/08/23;TOUR DE L AVENIR;UCI U23;ALPES VELO;Route;74;
18/08/23;18/08/23;GRAND PRIX PAYS SAINT POURCINOIS;Open1 hommes et +;U C VARENNES SAINT POURCAIN ;Route;3;SAINT-POURÇAIN SUR SIOULE
15/08/23;15/08/23;LE BOUQUETIN;Grimpée chronométrée;V.C. DU GRAND BORNAND;Route;74;LE GRAND BORNAND
15/08/23;15/08/23;PRIX DE CORMOZ;Elites hommes (régional) et +;BOURG EN BRESSE AIN CYCLISME;Route;1;CORMOZ
15/08/23;15/08/23;PRIX DE CORMOZ;Access hommes;BOURG EN BRESSE AIN CYCLISME;Route;1;CORMOZ
13/08/23;13/08/23;L'ETAPE SANFLORAINE;Cyclosportive;V C PAYS DE SAINT-FLOUR ;Route;15;SAINT-FLOUR
13/08/23;13/08/23;CHALLENGE FÉMININ JUNIORS, ESPOIRS, SÉNIORS DE SAINT ROMAIN LE PUY;Elites femmes (régional) et +;SQUADRA SAINTE-ROMANAISE;Route;42;SAINT ROMAIN LE PUY
13/08/23;13/08/23;CHALLENGE FÉMININ CADETTES DE SAINT ROMAIN LE PUY;U17 femmes;SQUADRA SAINTE-ROMANAISE;Route;42;SAINT ROMAIN LE PUY
13/08/23;13/08/23;PRIX DE LA MUNICIPALITE;Open1 hommes et +;SPRINTER CLUB AURILLACOIS;Route;15;PLEAUX
12/08/23;12/08/23;MONTEE CHRISTIAN ROUFFIAC;Grimpée chronométrée;V C PAYS DE SAINT-FLOUR ;Route;15;SAINT-FLOUR
10/08/23;10/08/23;NOCTURNE DE LA VILLE ( 6 IÈME ÉPREUVE DE LA SEMAINE CANTALIENNE);Open1 hommes et +;VELO CLUB DE MAURIAC ;Route;15;MAURIAC
08/08/23;10/08/23;TOUR DE L AIN;UCI classe 1 et World Tour;COMITE ORGANISATION TOUR DE L AIN;Route;1;
08/08/23;08/08/23;4ÈME EPREUVE DE LA SEMAINE CANTALIENNE PRIX D'ESBAN;Open1 hommes et +;A C V AURILLACOIS ;Route;15;YTRAC
07/08/23;07/08/23;75E PRIX DE SAINT GERMAIN L'HERM;Open3 hommes et +;VELO CLUB AMBERTOIS ;Route;63;SAINT GERMAIN L'HERM
07/08/23;07/08/23;SEMAINE CANTALIENNE #3;Open1 hommes et +;V C PAYS DE SAINT-FLOUR ;Route;15;RUYNES-EN-MARGERIDE
07/08/23;07/08/23;SEMAINE CANTALIENNE DES JEUNES #2;U17 hommes;V C PAYS DE SAINT-FLOUR ;Route;15;
07/08/23;07/08/23;GP DE MONTMARAULT;Open1 hommes et +;CLASSIC JEAN PATRICK DUBUISSON ORGANISATIONS ;Route;3;MONTMARAULT
06/08/23;06/08/23;TROPHEE DES GRIMPEURS COL DE PEYRA TAILLADE;Grimpée chronométrée;VELO SPORT BRIVADOIS ;Route;43;PRADES
06/08/23;06/08/23;33ÈME PRIX DE THAIRY;U17 hommes;V.C. ST JULIEN EN GENEVOIS;Route;74;THAIRY
06/08/23;06/08/23;33ÈME PRIX DE THAIRY;U15+U17 femmes;V.C. ST JULIEN EN GENEVOIS;Route;74;THAIRY
06/08/23;06/08/23;GRAND PRIX DE LONGES;Elites hommes (régional) et +;UNION CYCLISTE PÉLUSSIN;Route;69;LONGES
06/08/23;06/08/23;SOUVENIR PIERRE CHANY;Elites hommes (régional) et +;UNION CYCLISTE LE PUY EN VELAY ;Route;43;LANGEAC
06/08/23;06/08/23;SOUVENIR PIERRE CHANY;Access hommes;UNION CYCLISTE LE PUY EN VELAY ;Route;43;LANGEAC
06/08/23;06/08/23;SOUVENIR PIERRE CHANY;U19 hommes régional;UNION CYCLISTE LE PUY EN VELAY ;Route;43;LANGEAC
06/08/23;06/08/23;SOUVENIR PIERRE CHANY;U17 hommes;UNION CYCLISTE LE PUY EN VELAY ;Route;43;LANGEAC
06/08/23;06/08/23;GRAND PRIX DE LA VILLE ;Open1 hommes et +;SPRINTER CLUB AURILLACOIS;Route;15;AURILLAC
06/08/23;06/08/23;CYCLOSPORTIVE LA MADELEINE;Cyclosportive;CHAMBERY CYCLISME ORGANISATION;Route;73;LA CHAMBRE / SAINT FRANCOIS LONGCHAMP
06/08/23;06/08/23;PRIX DE MONTREVEL EN BRESSE;Open3 hommes et +;BOURG EN BRESSE AIN CYCLISME;Route;1;MONTREVEL EN BRESSE
06/08/23;06/08/23;PRIX DE MONTREVEL EN BRESSE;Elites hommes (régional) et +;BOURG EN BRESSE AIN CYCLISME;Route;1;MONTREVEL EN BRESSE
05/08/23;05/08/23;NOCTURNE DE LA VILLE D'AMBERT;Elites hommes (régional) et +;VELO CLUB AMBERTOIS ;Route;63;AMBERT
05/08/23;05/08/23;GRAND PRIX DU CRU FLEURIE;Elites hommes (régional) et +;V.C. VILLEFRANCHE BEAUJOLAIS;Route;69;FLEURIE
05/08/23;05/08/23;PRIX CYCLISTE DE VILLEREVERSURE;Open2 hommes et +;ST DENIS CYCLISME;Route;1;VILLEREVERSURE
05/08/23;05/08/23;PRIX CYCLISTE DE VILLEREVERSURE;Access hommes;ST DENIS CYCLISME;Route;1;VILLEREVERSURE
05/08/23;05/08/23;1ÈRE ÉPREUVE  SEMAINE CANTALIENNE  DES JEUNES;U17 hommes;A C V AURILLACOIS ;Route;15;REILHAC
31/07/23;02/08/23;TOUR DE L'AIN CADETS;U17 hommes;COMITE ORGANISATION TOUR DE L AIN;Route;1;DÉPARTEMENT DE L'AIN
30/07/23;30/07/23;GRAND PRIX DE LA VILLE ;U17 hommes;V C PAYS DE SAINT-FLOUR ;Route;15;NEUVÉGLISE
30/07/23;30/07/23;GRAND PRIX DE LA VILLE;Ecole de route;V C PAYS DE SAINT-FLOUR ;Route;15;NEUVÉGLISE
30/07/23;30/07/23;PRIX DE BELLIGNAT;Open2 hommes et +;E.C. ARBENT-MARCHON;Route;1;BELLIGNAT
30/07/23;30/07/23;GRIMPEE DE LA RAMAZ - TROPHEE DES GRIMPEES DE HAUTE SAVOIE;Grimpée chronométrée;Comité départemental Haute-Savoie FFC;Route;74;MIEUSSY  HAUTE SAVOIE
30/07/23;30/07/23;GRAND PRIX DE CHAMOUX SUR GELON ;Elite nationale hommes;CHAMBERY CYCLISME ORGANISATION;Route;73;CHAMOUX SUR GELON
30/07/23;30/07/23;GRAND PRIX DE CHAMOUX SUR GELON « TROPHÉE VINCENT LAVENU AG2R TEAM CITROEN»;U17 hommes;CHAMBERY CYCLISME ORGANISATION;Route;73;CHAMOUX SUR GELON
30/07/23;30/07/23;LÉLEX PAYS DE GEX CYCLO;Cyclosportive;ALPES VELO;Route;1;LÉLEX
25/07/23;25/07/23;GRAND PRIX DE COURS LA VILLE;Elite nationale hommes;COURS LA VILLE CYCLISME;Route;69;COURS LA VILLE
23/07/23;23/07/23;RANDONNÉE AU PROFIT DE LA RECHERCHE SUR LE DIABÈTE;Randonnée;VELO CLUB SANSAC ARPAJON ;Route;15;SENILHES (ARPAJON SUR CÈRE)
23/07/23;23/07/23;LES HAUTS DU RUESSIUM;U17 hommes;UNION CYCLISTE LE PUY EN VELAY ;Route;43;BLANZAC / SAINT PAULIEN
23/07/23;23/07/23;LES HAUTS DE RUESSIUM;Open1 hommes et +;UNION CYCLISTE LE PUY EN VELAY ;Route;43;BLANZAC / SAINTPAULIEN
23/07/23;23/07/23;LES HAUTS DU RUESSIUM;U19 hommes régional;UNION CYCLISTE LE PUY EN VELAY ;Route;43;BLANZAC / SAINT PAULIEN
23/07/23;23/07/23;GRAND PRIX DE VEAUCHE;Open1 hommes et +;U.C. FOREZ 42;Route;42;VEAUCHE
23/07/23;23/07/23;COURSE CYCLISAINTE DE SAINT DENIS LES BOURG;Open2 hommes et +;ST DENIS CYCLISME;Route;1;SAINT DENIS LES BOURG
23/07/23;23/07/23;COURSE CYCLISAINTE DE SAINT DENIS LES BOURG;Access hommes;ST DENIS CYCLISME;Route;1;SAINT DENIS LES BOURG
23/07/23;23/07/23;TOUR DE LA VALLEE DE LA TRAMBOUZE;U19 hommes fédéral;COURS LA VILLE CYCLISME;Route;69;COURS LA VILLE 
23/07/23;23/07/23;A VELO POUR LE DEPISTAGE DU CANCER DU SEIN;Randonnée;Comité départemental Haute-Savoie FFC;Route;74;DE LES HOUCHES À BONNEVILLE
23/07/23;23/07/23;LA CHATEL CHABLAIS LEMAN RACE;Cyclosportive;CHABLAIS LEMAN SPORT ORGANISATION;Route;74;CHATEL
23/07/23;23/07/23;AGGLO TOUR BOURG EN BRESSE;Elite nationale hommes;BOURG EN BRESSE AIN CYCLISME;Route;1;DOMSURE
22/07/23;22/07/23;PRIX DE LA MUNICIPALITE;U15+U17 femmes;VELO CLUB DE MAURIAC ;Route;15;CHALVIGNAC
22/07/23;22/07/23;PRIX DE LA MUNICIPALITE;U17 hommes;VELO CLUB DE MAURIAC ;Route;15;CHALVIGNAC
22/07/23;22/07/23;PRIX DE LA MUNICIPALITE;Ecole de route;VELO CLUB DE MAURIAC ;Route;15;CHALVIGNAC
22/07/23;22/07/23;GRAND PRIX CYCLISTE DU BEX D'YTRAC;Open1 hommes et +;SPRINTER CLUB AURILLACOIS;Route;15;LE BEX D'YTRAC (15130)
22/07/23;22/07/23;PROLOGUE FEMININ RONDE COSTELLOISE ;Elites femmes (régional) et +;G.O. COSTELLOIS 42;Route;42;LE COTEAU
22/07/23;22/07/23;RONDE COSTELLOISE;Open2 hommes et +;G.O. COSTELLOIS 42;Route;42;LE COTEAU
17/07/23;17/07/23;NOCTURNE DE LA VILLE D'AMBERT;Elites hommes (régional) et +;VELO CLUB AMBERTOIS ;Route;63;AMBERT
16/07/23;16/07/23;GRAND PRIX DE GLEIZE;Elites hommes (régional) et +;V.C. VILLEFRANCHE BEAUJOLAIS;Route;69;GLEIZE
16/07/23;16/07/23;GRAND PRIX DE LA VILLE ;Open1 hommes et +;V C PAYS DE SAINT-FLOUR ;Route;15;SAINT-FLOUR
16/07/23;16/07/23;PRIX DE DOMSURE;Open3 hommes et +;BOURG EN BRESSE AIN CYCLISME;Route;1;DOMSURE
16/07/23;16/07/23;PRIX DE DOMSURE;Elites femmes (régional) et +;BOURG EN BRESSE AIN CYCLISME;Route;1;DOMSURE
16/07/23;16/07/23;PRIX DE DOMSURE;U15 femmes;BOURG EN BRESSE AIN CYCLISME;Route;1;DOMSURE
16/07/23;16/07/23;PRIX DE DOMSURE;Access hommes;BOURG EN BRESSE AIN CYCLISME;Route;1;DOMSURE
15/07/23;15/07/23;L'AINDINOISE;Cyclosportive;ALPES VELO;Route;1;PARC DES OISEAUX > GRAND-COLOMBIER 
14/07/23;14/07/23;GRAND PRIX D ENNEZAT;U17 hommes;VELO CLUB RIOMOIS ;Route;63;ENNEZAT
14/07/23;14/07/23;GRAND PRIX D ENNEZAT;Open2 hommes et +;VELO CLUB RIOMOIS ;Route;63;ENNEZAT
14/07/23;14/07/23;GRAND PRIX DE CHARVIEU CHAVAGNEUX;Open2 hommes et +;CHARVIEU CHAVAGNEUX I.C.;Route;38;CHARVIEU CHAVAGNEUX
14/07/23;14/07/23;GRAND PRIX DE CHARVIEU CHAVAGNEUX;Elite nationale hommes;CHARVIEU CHAVAGNEUX I.C.;Route;38;CHARVIEU CHAVAGNEUX
13/07/23;13/07/23; CRITERIUM DE LA VILLE DE BRIOUDE;Open1 hommes et +;VELO SPORT BRIVADOIS ;Route;43;BRIOUDE
13/07/23;13/07/23;CRITERIUM DE LA VILLE DE BRIOUDE;Elites hommes (régional) et +;VELO SPORT BRIVADOIS ;Route;43;BRIOUDE
13/07/23;13/07/23;PROLOGUE CRITERIUM DE LA VILLE DE BRIOUDE;U17 hommes;VELO SPORT BRIVADOIS ;Route;43;BRIOUDE
12/07/23;16/07/23;AIN BUGEY VALROMEY TOUR;UCI Juniors;TOUR DU VALROMEY ORGANISATION;Route;1;
12/07/23;13/07/23;RANDO DU FREJUS;Randonnée;CHAMBERY CYCLISME ORGANISATION;Route;73;BARDONECHE MODANE MONT CENIS
12/07/23;13/07/23;RANDO DU FREJUS;Cyclosportive;CENTRE FORMATION POLE PERFORMANCE ESPOIRS DU SPORT FEMININ;Route;73;BARDONECHE 
11/07/23;11/07/23;PRIX DE LIGNEROLLES;Ecole de route;TEAM CYCLISTE MONTLUCON;Route;3;LIGNEROLLES
09/07/23;09/07/23;LA MAURIENNE CLASSIQUE CYCLO;Cyclosportive;CHAMBERY CYCLISME ORGANISATION;Route;73;SAINT JULIEN MONT DENIS CROIX DE FER
09/07/23;09/07/23;ETAPE DU TOUR ANNEMASSE-MORZINE;Cyclosportive;A.S.O;Route;74;
08/07/23;08/07/23;SEMI NOCTURNE DE MOULINS ( SPÉCIAL TOUR DE FRANCE);Elites hommes (régional) et +;R. O. MOULINS YZEURE AVERMES ;Route;3;MOULINS
08/07/23;08/07/23;SEMI NOCTURNE DE MOULINS ( SPÉCIAL TOUR DE FRANCE);Open2 hommes et +;R. O. MOULINS YZEURE AVERMES ;Route;3;MOULINS
08/07/23;08/07/23;GRIMPEE DE CHAMROUSSE;Grimpée chronométrée;G.M.C. 38 (EYBENS FORMATION);Route;38;URIAGE LES BAINS - CHAMROUSSE
04/07/23;04/07/23;NOCTURNE DE LA VILLE DE COURNON;Open2 hommes et +;V C COURNON D'AUVERGNE;Route;63;COURNON D'AUVERGNE
02/07/23;02/07/23;PROLOGUE GRAND PRIX DU MONASTIER SUR GAZEILLE;Ecole de route;VELO CLUB DU VELAY ;Route;43;LE MONASTIER SUR GAZEILLE
02/07/23;02/07/23;GRAND PRIX DU MONASTIER SUR GAZEILLE;Open3 hommes et +;VELO CLUB DU VELAY ;Route;43;LE MONASTIER SUR GAZEILLE
02/07/23;02/07/23;PROLOGUE GRAND PRIX DU MONASTIER SUR GAZEILLE;Access hommes;VELO CLUB DU VELAY ;Route;43;LE MONASTIER SUR GAZEILLE
02/07/23;02/07/23;PROLOGUE GRAND PRIX DU MONASTIER SUR GAZEILLE;U17 hommes;VELO CLUB DU VELAY ;Route;43;LE MONASTIER SUR GAZEILLE
02/07/23;02/07/23;29ÈME  PRIX DE LA MUNICIPALITE DE PRESILLY;U17 hommes;V.C. ST JULIEN EN GENEVOIS;Route;74;PRÉSILLY
02/07/23;02/07/23;29ÈME  PRIX DE LA MUNICIPALITE DE PRESILLY;U15 hommes;V.C. ST JULIEN EN GENEVOIS;Route;74;PRÉSILLY
02/07/23;02/07/23;29ÈME PRIX DE LA MUNICIPALITE DE PRESILLY;Ecole de route;V.C. ST JULIEN EN GENEVOIS;Route;74;PRÉSILLY
02/07/23;02/07/23;GRAND PRIX DE LA MUNICIPALITÉ ;U15 hommes;V.C. PIERRELATTE;Route;26;PIERRELATTE 
02/07/23;02/07/23;GRAND PRIX DE LA MUNICIPALITÉ ;Access hommes;V.C. PIERRELATTE;Route;26;PIERRELATTE 
02/07/23;02/07/23;GRAND PRIX DE LA MUNICIPALITÉ ;U17 hommes;V.C. PIERRELATTE;Route;26;PIERRELATTE 
02/07/23;02/07/23;JPP NEUF DE COEUR;Cyclosportive;V.C. CLUSES SCIONZIER;Route;74;CLUSES LES CARROZ
02/07/23;02/07/23;PRIX DES JEUNES DE COURS LA VILLE;U17 hommes;COURS LA VILLE CYCLISME;Route;69;COURS LA VILLE
02/07/23;02/07/23;PRIX DES JEUNES DE COURS LA VILLE;Ecole de route;COURS LA VILLE CYCLISME;Route;69;COURS LA VILLE
02/07/23;02/07/23;SOUVENIR MARIUS VIAL;Ecole de route;CHARVIEU CHAVAGNEUX I.C.;Route;38;LES AVENIERES
02/07/23;02/07/23;GRAND PRIX DES AVENIERES SOUVENIR MARIUS VIAL;Open1 hommes et +;CHARVIEU CHAVAGNEUX I.C.;Route;38;LES AVENIERES
02/07/23;02/07/23;PRIX DE CUISEAUX;Elites hommes (régional) et +;BOURG EN BRESSE AIN CYCLISME;Route;1;71 CUISEAUX
01/07/23;01/07/23;MONTTE CHRONOMETREE DU COL DU BEAL (TROPHEE DES GRIMPEURS);Grimpée chronométrée;VELO CLUB AMBERTOIS ;Route;63;VERTOLAYE
01/07/23;01/07/23;TDJC CLUSES - JPP KIDS;Ecole de route;V.C. CLUSES SCIONZIER;Route;74;CLUSES
01/07/23;01/07/23;PRIX DU COMITE DES FETES DE MOURJOU;U17 hommes;SPRINTER CLUB AURILLACOIS;Route;15;MOURJOU (15)
01/07/23;01/07/23;PRIX DU COMITE DES FETES DE MOURJOU;Ecole de route;SPRINTER CLUB AURILLACOIS;Route;15;MOURJOU (15)
01/07/23;02/07/23;TOUR DE LA CABA;Open1 hommes et +;A C V AURILLACOIS ;Route;15;LAROQUEVIEILLE
30/06/23;02/07/23;TOUR DU PAYS ROANNAIS;Elite nationale hommes;C.R.4 CHEMINS/ROANNE;Route;42;
25/06/23;25/06/23;LA GRAND BO;Cyclosportive;V.C. DU GRAND BORNAND;Route;74;LE GRAND BORNAND
25/06/23;25/06/23;TOUR DU PLUS GRAND VOLCAN D'EUROPE;Randonnée;SPRINTER CLUB AURILLACOIS;Route;15;REILHAC - REILHAC
25/06/23;25/06/23;CHAMPIONNAT AUVERGNE-RHONE-ALPES ROUTE DE L'AVENIR;U19 hommes régional;E.C. ST ETIENNE - LOIRE;Route;42;JONZIEUX
25/06/23;25/06/23;CHAMPIONNAT AUVERGNE-RHONE-ALPES ROUTE DE L'AVENIR;U15+U17 femmes;E.C. ST ETIENNE - LOIRE;Route;42;JONZIEUX
25/06/23;25/06/23;CHAMPIONNAT AUVERGNE-RHONE-ALPES ROUTE DE L'AVENIR;U17 hommes;E.C. ST ETIENNE - LOIRE;Route;42;JONZIEUX
24/06/23;24/06/23;GRIMPEE SALLANCHES-CORDON;Grimpée chronométrée;V.C. MONT BLANC;Route;74;SALLANCHES
24/06/23;24/06/23;PRIX DE MORNAY;Access hommes;U.S. OYONNAX;Route;1;MORNAY NURIEUX
24/06/23;24/06/23;PRIX DE MORNAY;Open3 hommes et +;U.S. OYONNAX;Route;1;MORNAY NURIEUX
24/06/23;25/06/23;LYON-GENEVE ULTRA NIGHT RACE;Ultra distance;ALPES VELO;Route;69;LYON > GENÈVE
23/06/23;25/06/23;TRILOGIE DE MAURIENNE;Cyclosportive;OUTDOOR SPORT ORGANISATION;Route;73;TOUR EN MAURIENNE
23/06/23;25/06/23;FORESTCIME;Cyclosportive;LA FORESTIERE;Route;1;ARBENT
18/06/23;18/06/23;GRAND PRIX DE ST CLAIR DE LA TOUR;U15 hommes;E.C. ST CLAIROISE;Route;38;BELLEFONTAINE
18/06/23;18/06/23;GRAND PRIX DE ST CLAIR DE LA TOUR;U17 hommes;E.C. ST CLAIROISE;Route;38;BELLEFONTAINE
18/06/23;18/06/23;GRAND PRIX DE ST CLAIR DE LA TOUR;Access hommes;E.C. ST CLAIROISE;Route;38;BELLEFONTAINE
18/06/23;18/06/23;GRAND PRIX DE BATHERNAY;Open2 hommes et +;V.S. ROMANAIS PEAGEOIS;Route;26;BATHERNAY
18/06/23;18/06/23;TROPHEE VINCENT LAVENU - BATHERNAY;U17 hommes;V.S. ROMANAIS PEAGEOIS;Route;26;BATHERNAY
18/06/23;18/06/23;TROPHEE VINCENT LAVENU - BATHERNAY;U15 hommes;V.S. ROMANAIS PEAGEOIS;Route;26;BATHERNAY
18/06/23;18/06/23;TROPHEE VINCENT LAVENU - BATHERNAY;U15+U17 femmes;V.S. ROMANAIS PEAGEOIS;Route;26;BATHERNAY
18/06/23;18/06/23;GRAND PRIX DE LA VILLE DE RIORGES OPEN 3 + ACCESS;Access hommes;V.C. ROANNAIS;Route;42;RIORGES
18/06/23;18/06/23;PETIT PRIX DE LA VILLE DE RIORGES;U17 hommes;V.C. ROANNAIS;Route;42;RIORGES
18/06/23;18/06/23;PETIT PRIX DE LA VILLE DE RIORGES;Ecole de route;V.C. ROANNAIS;Route;42;RIORGES
18/06/23;18/06/23;GRIMP'YAUTE;Cyclosportive;V.C. CLUSES SCIONZIER;Route;74;CLUSES
18/06/23;18/06/23;PRIX DE LA CAROSSERIE PAIS;U17 hommes;V.C. ANNEMASSE;Route;74;VILLE LA GRAND
18/06/23;18/06/23;PRIX DE LA MUNICIPALITE DE VILLE LA GRAND;Ecole de route;V.C. ANNEMASSE;Route;74;VILLE LA GRAND
18/06/23;18/06/23;PRIX DE LA VILLE DE LEMPDES;Open1 hommes et +;V C COURNON D'AUVERGNE;Route;63;LEMPDES
18/06/23;18/06/23;PROLOGUE PRIX DE LA VILLE DE LEMPDES;U17 hommes;V C COURNON D'AUVERGNE;Route;63;LEMPDES
18/06/23;18/06/23;GRAND PRIX DES JEUNES CYCLISTES;Ecole de route;U C VARENNES SAINT POURCAIN ;Route;3;SAINT-POURÇAIN SUR SIOULE
18/06/23;18/06/23;PRIX DES 4  COMMUNES DE LA COMBE DU VAL;Access hommes;E.C. ARBENT-MARCHON;Route;1;VIEUX D IZENAVE
18/06/23;18/06/23;PRIX DE LA VIEILLE AUBERGE;U17 hommes;E.C. ARBENT-MARCHON;Route;1;VIEUX D IZENAVE
17/06/23;17/06/23;PRIX DE LA MUNICIPALITE;U15+U17 femmes;VELO CLUB DE MAURIAC ;Route;15;DRUGEAC
17/06/23;17/06/23;PRIX DE LA MUNICIPALITE;U17 hommes;VELO CLUB DE MAURIAC ;Route;15;DRUGEAC
17/06/23;17/06/23;PRIX DE LA MUNICIPALITE;Ecole de route;VELO CLUB DE MAURIAC ;Route;15;DRUGEAC
17/06/23;17/06/23;RENCONTRE DES ECOLES DE CYCLISME DE SECHERAS;Ecole de route;UC TAIN TOURNON;Route;7;SECHERAS
17/06/23;17/06/23;PRIX DE SAINT SYMPHORIEN SUR COISE OPEN 1 /2/3 + ACCESS +++;Open1 hommes et +;C.R.4 CHEMINS/ROANNE;Route;69;SAINT SYMPHORIEN SUR COISE
17/06/23;17/06/23;L'ARDÉCHOISE;Cyclosportive;ARDECHOISE CYCLO PROMO;Route;7;SAINT-FÉLICIEN
16/06/23;17/06/23;L'ARDÉCHOISE ULTRA;Cyclosportive;ARDECHOISE CYCLO PROMO;Route;7;SAINT-FÉLICIEN
11/06/23;11/06/23;47ÈME PRIX DE FEIGERES;Access hommes;V.C. ST JULIEN EN GENEVOIS;Route;74;FEIGÈRES
11/06/23;11/06/23;47ÈME PRIX DE FEIGERES;Open1 hommes et +;V.C. ST JULIEN EN GENEVOIS;Route;74;FEIGÈRES
11/06/23;11/06/23;ARVE CHABLAIS TOUR - ETAPE 2;U15+U17 femmes;V.C. CLUSES SCIONZIER;Route;74;CLUSES
11/06/23;11/06/23;ARVE CHABLAIS TOUR - ETAPE 2;U17 hommes;V.C. CLUSES SCIONZIER;Route;74;CLUSES
11/06/23;11/06/23;ARVE CHABLAIS TOUR - ETAPE 2;U15 hommes;V.C. CLUSES SCIONZIER;Route;74;CLUSES
11/06/23;11/06/23;GRAND PRIX D'EURRE;Open1 hommes et +;U.C. MONTMEYRAN VALENCE;Route;26;EURRE
11/06/23;11/06/23;GRAND PRIX D'EURRE;U15 hommes;U.C. MONTMEYRAN VALENCE;Route;26;EURRE
11/06/23;11/06/23;GRAND PRIX D'EURRE;U17 hommes;U.C. MONTMEYRAN VALENCE;Route;26;EURRE
11/06/23;11/06/23;PRIX DE LIGNEROLLES;U17 hommes;TEAM CYCLISTE MONTLUCON;Route;3;LIGNEROLLES
11/06/23;11/06/23;PRIX DE LIGNEROLLES;U15 hommes;TEAM CYCLISTE MONTLUCON;Route;3;LIGNEROLLES
11/06/23;11/06/23;27ÈME SOUVENIR ANTONIN MAGNE;Open1 hommes et +;SPRINTER CLUB AURILLACOIS;Route;15;AURILLAC
11/06/23;11/06/23;GRAND PRIX CYCLISTE ROUTE SCA;Access hommes;S.C. LES ABRETS;Route;38;FITILIEU
11/06/23;11/06/23;GRAND PRIX CYCLISTE ROUTE SCA;Open3 hommes et +;S.C. LES ABRETS;Route;38;FITILIEU
11/06/23;11/06/23;GRAND PRIX CYCLISTE ROUTE SCA;Ecole de route;S.C. LES ABRETS;Route;38;FITILIEU
11/06/23;11/06/23;MEGEVE MONT BLANC CYCLING;Cyclosportive;C.S. MEGEVE;Route;74;MEGEVE
11/06/23;11/06/23;GRAND PRIX ECOLE DES JEUNES SAINT CHAMOND;Ecole de route;C.R. ST CHAMOND;Route;42;SAINT CHAMOND
10/06/23;10/06/23;PRIX DE LA VILLE DE GERZAT;Open1 hommes et +;VELO SPORT GERZATOIS ;Route;63;GERZAT
10/06/23;10/06/23;JOURNEE JEUNESSE JOB ECOLES DE CYCLISME;Ecole de route;VELO CLUB AMBERTOIS ;Route;63;JOB
10/06/23;10/06/23;PETIT PRIX DE LA VILLE DE ROANNE;Ecole de route;V.C. ROANNAIS;Route;42;ROANNE
10/06/23;10/06/23;GRAND PRIX DE LA VILLE DE ROANNE OPEN 3 + ACCESS;Access hommes;V.C. ROANNAIS;Route;42;ROANNE
10/06/23;10/06/23;PETIT PRIX DE LA VILLE DE ROANNE;U17 hommes;V.C. ROANNAIS;Route;42;ROANNE
10/06/23;10/06/23;ARVE CHABLAIS TOUR - ETAPE 1;U15 hommes;TEAM ALLINGES PUBLIER;Route;74;ALLINGES
10/06/23;10/06/23;ARVE CHABLAIS TOUR - ETAPE 1;U17 hommes;TEAM ALLINGES PUBLIER;Route;74;ALLINGES
10/06/23;10/06/23;ARVE CHABLAIS TOUR - ETAPE 1;U15+U17 femmes;TEAM ALLINGES PUBLIER;Route;74;ALLINGES
10/06/23;10/06/23;TDJC HAUTE SAVOIE;Ecole de route;C.S. MEGEVE;Route;74;MEGEVE
10/06/23;10/06/23;TROPHEE DES GRIMPEURS SAINT PROJET DE SALERS COL DE LEGAL;Grimpée chronométrée;A C V AURILLACOIS ;Route;15;SAINT PROJET DE SALERS
09/06/23;11/06/23;TOUR DU BEAUJOLAIS;Elite nationale hommes;TOUR DU BEAUJOLAIS ORGANISATION;Route;69;
09/06/23;09/06/23;SEMI NOCTURNE GRAND PRIX VILLE D'YZEURE;Open2 hommes et +;R. O. MOULINS YZEURE AVERMES ;Route;3;YZEURE
04/06/23;04/06/23;PETIT PRIX DE LA VILLE DE RIOM;Open2 hommes et +;VELO CLUB RIOMOIS ;Route;63;RIOM
04/06/23;04/06/23;GRAND PRIX DE LA VILLE DE RIOM;U15 hommes;VELO CLUB RIOMOIS ;Route;63;RIOM
04/06/23;04/06/23;GRAND PRIX JEAN PIERRE FALCONNIER;Access hommes;U.C. CULOZ/BELLEY;Route;1;CULOZ
04/06/23;04/06/23;GRAND PRIX JEAN PIERRE FALCONNIER;Open3 hommes et +;U.C. CULOZ/BELLEY;Route;1;CULOZ
04/06/23;04/06/23;51E GRAND PRIX DE SARRAS;U17 hommes;SARRAS ST VALLIER CYCLISME;Route;7;SARRAS
04/06/23;04/06/23;51E GRAND PRIX DE SARRAS;U15 hommes;SARRAS ST VALLIER CYCLISME;Route;7;SARRAS
04/06/23;04/06/23;GALIBIER CHALLENGE;Cyclosportive;FRENCH ALPS EVENT;Route;73;SAINT-MICHEL DE MAURIENNE
04/06/23;04/06/23;GRAND PRIX DE SEYSSINET - SOUVENIR JEAN JACQUES ERRICO;Ecole de route;CYCL SEYSSINET SEYSSINS;Route;38;SEYSSINET
04/06/23;04/06/23;GRAND PRIX DE SEYSSINET - SOUVENIR JEAN JACQUES ERRICO;U17 hommes;CYCL SEYSSINET SEYSSINS;Route;38;SEYSSINET
04/06/23;04/06/23;GRAND PRIX DE SEYSSINET - SOUVENIR JEAN JACQUES ERRICO;Access hommes;CYCL SEYSSINET SEYSSINS;Route;38;SEYSSINET
04/06/23;04/06/23;CHAMPIONNATS AUVERGNE-RHÔNE-ALPES ROUTE ELITE & JUNIORS FEMMES;Elites femmes (régional) et +;C.R.4 CHEMINS/ROANNE;Route;42;SAINT JEAN SAINT MAURICE
04/06/23;04/06/23;CHAMPIONNATS AUVERGNE-RHÔNE-ALPES ROUTE ELITE HOMMES ;Elites hommes (régional) et +;C.R.4 CHEMINS/ROANNE;Route;42;SAINT JEAN SAINT MAURICE
04/06/23;04/06/23;ALPES GRESIVAUDAN CLASSIC;UCI Femmes;C.O.T.N.I.;Route;38;
04/06/23;04/06/23;LA FAUCIGNY-GLIERES;Cyclosportive;BONNEVILLE ARVE ET BORNE CYCLISME;Route;74;BONNEVILLE - PLATEAU DE SOLAISON
04/06/23;11/06/23;CRITERIUM DU DAUPHINE;UCI classe 1 et World Tour;A.S.O;Route;38;
03/06/23;03/06/23;A TRAVERS LE BEAUJOLAIS COUPE DE FRANCE DEPARTEMENT MINIMES CADETTES COURSE EN LIGNE;U15+U17 femmes;V.C. VILLEFRANCHE BEAUJOLAIS;Route;69;
03/06/23;03/06/23;A TRAVERS LE BEAUJOLAIS COUPE DE FRANCE DEPARTEMENT CADETS COURSE EN LIGNE;U15 hommes;V.C. VILLEFRANCHE BEAUJOLAIS;Route;69;
03/06/23;03/06/23;A TRAVERS LE BEAUJOLAIS COUPE DE FRANCE DES DEPARTEMENTS CADETS SUD EST - CLM INDIVIDUEL;U17 hommes;V.C. VILLEFRANCHE BEAUJOLAIS;Route;69;
03/06/23;03/06/23;A TRAVERS LE BEAUJOLAIS COUPE DE FRANCE DES DEPARTEMENTS MINIMES CADETTES SUD EST - CLM INDIVIDUEL;U15+U17 femmes;V.C. VILLEFRANCHE BEAUJOLAIS;Route;69;
03/06/23;03/06/23;FETE DU VELO - AU FIL DE LA LOIRE;Randonnée;UNION CYCLISTE LE PUY EN VELAY ;Route;43;BRIVES-CHARENSAC
03/06/23;03/06/23;SOUVENIR J LUC FELIX PRIX DE PERREX;Open2 hommes et +;ST DENIS CYCLISME;Route;1;PERREX
03/06/23;03/06/23;SOUVENIR J LUC FELIX PRIX DE PERREX;Access hommes;ST DENIS CYCLISME;Route;1;PERREX
03/06/23;03/06/23;LA CLASSIQUE DES ALPES JUNIORS CDF U19;UCI Juniors;C.O.T.N.I.;Route;38;
03/06/23;03/06/23;2EME NOCTURNE DES DRONIERES;Open2 hommes et +;ANNECY CYCLISME COMPETITION;Route;74;CRUSEILLES
29/05/23;29/05/23;GRAND PRIX D ALLEGRE;Open3 hommes et +;VELO CLUB DU VELAY ;Route;43;ALLÈGRE
29/05/23;29/05/23;PROLOGUE GRAND PRIX D ALLEGRE;Access hommes;VELO CLUB DU VELAY ;Route;43;ALLÈGRE
29/05/23;29/05/23;PROLOGUE GRAND PRIX D ALLEGRE;U17 hommes;VELO CLUB DU VELAY ;Route;43;ALLÈGRE
29/05/23;29/05/23;PROLOGUE GRAND PRIX D ALLEGRE;Ecole de route;VELO CLUB DU VELAY ;Route;43;ALLÈGRE
28/05/23;28/05/23;CIRCUIT DES MONTS DU LIVRADOIS;Elite nationale hommes;VELO CLUB AMBERTOIS ;Route;63;
28/05/23;28/05/23;TROPHÉE RÉGIONAL DU JEUNE CYCLISTE;Ecole de route;UC TAIN TOURNON;Route;7;EN ATTENTE D'AUTORISATION
28/05/23;28/05/23;GRAND PRIX DE LA MUNICIPALITE ;U17 hommes;U.C. GESSIENNE;Route;1;PREVESSIN MOENS
28/05/23;28/05/23;GRAND PRIX DE LA MUNICIPALITE ;Open1 hommes et +;U.C. GESSIENNE;Route;1;PREVESSIN MOENS
28/05/23;28/05/23;PRIX D ATTENTE DU TVM;U17 hommes;TEAM CYCLISTE MONTLUCON;Route;3;MONTLUÇON
28/05/23;28/05/23;PRIX D ATTENTE DU TVM;Ecole de route;TEAM CYCLISTE MONTLUCON;Route;3;MONTLUÇON
28/05/23;28/05/23;PRIX D ATTENTE DU TVM;U15 hommes;TEAM CYCLISTE MONTLUCON;Route;3;MONTLUÇON
28/05/23;28/05/23;GRAND PRIX DE SAINT CLAIR DE LA TOUR;U17 hommes;EC SAINTE CLAIROISE;Route;38;BELLEFONTAINE, ROUTE DE LA CHAPELLE DE LA TOUR
28/05/23;28/05/23;GRAND PRIX DE SAINT CLAIR DE LA TOUR;Access hommes;EC SAINTE CLAIROISE;Route;38;BELLEFONTAINE, ROUTE DE LA CHAPELLE DE LA TOUR
28/05/23;28/05/23;GRAND PRIX DE SAINT CLAIR DE LA TOUR;U15 hommes;EC SAINTE CLAIROISE;Route;38;BELLEFONTAINE, ROUTE DE LA CHAPELLE DE LA TOUR
28/05/23;28/05/23;PRIX DE L'ESCUDILLIERS;Open1 hommes et +;A C V AURILLACOIS ;Route;15;AURILLAC
27/05/23;27/05/23;PROLOGUE DURTORCCHA;Access hommes;VELO SPORT GERZATOIS ;Route;63;CHANAT
27/05/23;27/05/23;PROLOGUE DURTORCCHA;Open2 hommes et +;VELO SPORT GERZATOIS ;Route;63;CHANAT
27/05/23;27/05/23;GRIMPEE DES VOIRONS;Grimpée chronométrée;V.C. DOUVAINE;Route;74;BONS EN CHABLAIS
27/05/23;27/05/23;LA DURTORCCHA;Elite nationale hommes;V C COURNON D'AUVERGNE;Route;63;
27/05/23;27/05/23;TROPHÉE RÉGIONAL DU JEUNE CYCLISTE;Ecole de route;UC TAIN TOURNON;Route;26;EN ATTENTE D'AUTORISATION
26/05/23;26/05/23;GRAND PRIX DE LA MUNICIPALITE SAINT GENIS POUILLY;U15 hommes;U.C. GESSIENNE;Route;1;SAINT GENIS POUILLY
26/05/23;28/05/23;TOUR DE LA VALLÉE MONTLUCONNAISE;Elites hommes (régional) et +;TEAM CYCLISTE MONTLUCON;Route;3;MONTLUÇON ET ALENTOURS
26/05/23;26/05/23;PRIX DE PERONNAS;Open2 hommes et +;BOURG EN BRESSE AIN CYCLISME;Route;1;PERONNAS
24/05/23;28/05/23;ALPES ISERE TOUR;UCI classe 2;C.O.T.N.I.;Route;38;
21/05/23;21/05/23;RENCONTRE DES ÉCOLES DE CYCLISME AUBENAS;Ecole de route;U.C. ALBENASSIENNE;Route;7;AUBENAS
21/05/23;21/05/23;PRIX CYCLISTE DE VANDEINS;Open2 hommes et +;ST DENIS CYCLISME;Route;1;VANDEINS
21/05/23;21/05/23;PRIX CYCLISTE DE VANDEINS;Access hommes;ST DENIS CYCLISME;Route;1;VANDEINS
21/05/23;21/05/23;TROPHEE DU PUY MARY GRAND SITE 3ÈME EPREUVE;Grimpée chronométrée;SPRINTER CLUB AURILLACOIS;Route;15;MANDAILLES ST JULIEN / PUY MARY
21/05/23;21/05/23;TROPHEE DU PUY MARY GRAND SITE 2ÈME EPREUVE;Grimpée chronométrée;SPRINTER CLUB AURILLACOIS;Route;15;LE FALGOUX / LE PUY MARY
21/05/23;21/05/23;TROPHEE V.LAVENU FEMININES MINIMES CADETTES U15+U17;U15+U17 femmes;LA MOTTE SERVOLEX CYCLISME;Route;73;LA MOTTE-SERVOLEX
21/05/23;21/05/23;GRAND PRIX ACS KONICA MINOLTA;Access hommes;LA MOTTE SERVOLEX CYCLISME;Route;73;LA MOTTE-SERVOLEX
21/05/23;21/05/23;GRAND PRIX DE LA VILLE DE LA MOTTE;Open2 hommes et +;LA MOTTE SERVOLEX CYCLISME;Route;73;LA MOTTE-SERVOLEX
21/05/23;21/05/23;CYCLOTOUR DU LEMAN;Cyclosportive;HAUTE SAVOIE MT BLANC CYC;Route;74;AUTOUR DU LEMAN
21/05/23;21/05/23;PRIX DE LA MUNICIPALITE DE PONTGIBAUD;Ecole de route;E. C. CLERMONT-FERRAND ;Route;63;PONTGIBAUD
21/05/23;21/05/23;PRIX DE LA MUNICIPALITE DE PONTGIBAUD;Open2 hommes et +;E. C. CLERMONT-FERRAND ;Route;63;PONTGIBAUD
20/05/23;20/05/23;TROPHEE DU PUY MARY GRAND SITE 1ÈRE EPREUVE;Grimpée chronométrée;SPRINTER CLUB AURILLACOIS;Route;15;DIENNE / PUY MARY
20/05/23;20/05/23;GRAND PRIX DE LA VILLE DE CORBAS;Elites femmes (régional) et +;CORBAS LYON METROPOLE;Route;69;CORBAS
20/05/23;20/05/23;GRAND PRIX DE LA VILLE DE CORBAS;Access hommes;CORBAS LYON METROPOLE;Route;69;CORBAS
20/05/23;20/05/23;GRAND PRIX DE LA VILLE DE CORBAS;Open1 hommes et +;CORBAS LYON METROPOLE;Route;69;CORBAS
20/05/23;20/05/23;GRAND PRIX DE LA VILLE DE CORBAS;U17 hommes;CORBAS LYON METROPOLE;Route;69;CORBAS
20/05/23;20/05/23;GRAND PRIX DE LA VILLE DE CORBAS;Ecole de route;CORBAS LYON METROPOLE;Route;69;CORBAS
18/05/23;18/05/23;LES TROIS COLS MATERIEL-VELO.COM ;Cyclosportive;TOUR ATHLETIC CLUB;Route;69;LA TOUR DE SALVAGNY
17/05/23;17/05/23;SEMI NOCTURNE PRIX AVERMES;U19 hommes régional;R. O. MOULINS YZEURE AVERMES ;Route;3;AVERMES
17/05/23;17/05/23;SEMI NOCTURNE PRIX AVERMES;Open2 hommes et +;R. O. MOULINS YZEURE AVERMES ;Route;3;AVERMES
14/05/23;14/05/23;KILOMETRE MONTBRISONNAIS;Ecole de route;V.C. MONTBRISONNAIS;Route;42;MONTBRISON
14/05/23;14/05/23;KILOMETRE MONTBRISONNAIS;U17 hommes;V.C. MONTBRISONNAIS;Route;42;MONTBRISON
14/05/23;14/05/23;GRAND PRIX D'ALPESPACE;Ecole de route;U.C. PONTCHARRA;Route;38;PONTCHARRA
14/05/23;14/05/23;GRAND PRIX DE LA MUNICIPALITE;Access hommes;S.C. BOURG LES VALENCE;Route;26;BOURG LES VALENCE
14/05/23;14/05/23;GRAND PRIX DES ETS ARLOGIS CADETS;U17 hommes;S.C. BOURG LES VALENCE;Route;26;BOURG LES VALENCE
14/05/23;14/05/23;GRAND PRIX DES ETS LECLERC MINIMES;U15 hommes;S.C. BOURG LES VALENCE;Route;26;BOURG LES VALENCE
14/05/23;14/05/23;PRIX JEAN MICHEL  BOURGEOT;U17 hommes;R. O. MOULINS YZEURE AVERMES ;Route;3;YZEURE
14/05/23;14/05/23;PRIX JEAN MICHEL  BOURGEOT;U15+U17 femmes;R. O. MOULINS YZEURE AVERMES ;Route;3;YZEURE
14/05/23;14/05/23;PRIX JEAN MICHEL  BOURGEOT;U15 hommes;R. O. MOULINS YZEURE AVERMES ;Route;3;YZEURE
14/05/23;14/05/23;PRIX JEAN MICHEL  BOURGEOT;Ecole de route;R. O. MOULINS YZEURE AVERMES ;Route;3;YZEURE
14/05/23;14/05/23;GRAND PRIX VISIONIS (GUEREINS);Ecole de route;CYCL'HAUT MAURIENNAIS;Route;69;BELLEVILLE
14/05/23;14/05/23;LA THONON LES BAINS  CYCLING RACE;Cyclosportive;CHABLAIS LEMAN SPORT ORGANISATION;Route;74;THONON LES BAINS
14/05/23;14/05/23;BOURG ARBENT BOURG;Elite nationale hommes;BOURG EN BRESSE AIN CYCLISME;Route;1;BOURG EN BRESSE
14/05/23;14/05/23;PRIX DES MUNICIPALITES BOURG ET ARBENT;Elite nationale hommes;BOURG EN BRESSE AIN CYCLISME;Route;1;BOURG EB+N BRESSE
13/05/23;13/05/23;GRAND PRIX DE LA VILLE D APPRIEU;Access hommes;UNION CYCLISTE RIVOISE;Route;38;APPRIEU
13/05/23;13/05/23;MANCHE TDJC HAUTE SAVOIE 2023;Ecole de route;U.C. SEYSSEL FRANGY;Route;74;BASE DE LOISIRS DE MOTZ (73)
13/05/23;13/05/23;ECOLE DE CYCLISME;Ecole de route;U.C. MONTMEYRAN VALENCE;Route;26;ROMANS
13/05/23;14/05/23;TOUR CYCLISTE AGGLO PAYS D ISSOIRE;Open1 hommes et +;ISSOIRE SPORT ORGANISATION ;Route;63;ISSOIRE
13/05/23;13/05/23;PRIX DE VARENNES SAINT SAUVEUR;Access hommes;E.C. BOURG EN BRESSE;Route;1;VARENNE SAINT SAUVEUR
13/05/23;13/05/23;PRIX DE VARENNES SAINT SAUVEUR;U17 hommes;E.C. BOURG EN BRESSE;Route;1;VARENNE SAINT SAUVEUR
13/05/23;13/05/23;PRIX DE VARENNES SAINT SAUVEUR;Ecole de route;E.C. BOURG EN BRESSE;Route;1;VARENNE SAINT SAUVEUR
08/05/23;08/05/23;CHAMPIONNATS DU PUY DE DOME;Elites femmes (régional) et +;VELO CLUB AMBERTOIS ;Route;63;LE BRUGERON
08/05/23;08/05/23;CHAMPIONNATS DU PUY DE DOME;U15+U17 femmes;VELO CLUB AMBERTOIS ;Route;63;LE BRUGERON
08/05/23;08/05/23;CHAMPIONNATS DU PUY DE DOME;Open1 hommes et +;VELO CLUB AMBERTOIS ;Route;63;LE BRUGERON
08/05/23;08/05/23;CHAMPIONNATS DU PUY DE DOME;U17 hommes;VELO CLUB AMBERTOIS ;Route;63;LE BRUGERON
08/05/23;08/05/23;CHAMPIONNATS DU PUY DE DOME;U15 hommes;VELO CLUB AMBERTOIS ;Route;63;LE BRUGERON
08/05/23;08/05/23;CHAMPIONNATS DU CANTAL;Open1 hommes et +;SPRINTER CLUB AURILLACOIS;Route;15;LADINHAC
08/05/23;08/05/23;CHAMPIONNATS DU CANTAL;U17 hommes;SPRINTER CLUB AURILLACOIS;Route;15;LADINHAC
08/05/23;08/05/23;CHAMPIONNATS DU CANTAL;U15 hommes;SPRINTER CLUB AURILLACOIS;Route;15;LADINHAC
08/05/23;08/05/23;CHAMPIONNATS DU CANTAL;Ecole de route;SPRINTER CLUB AURILLACOIS;Route;15;LADINHAC
08/05/23;08/05/23;GRAND PRIX LEO THOMAS;Ecole de route;G.O. LA LECHERE;Route;73;LA LÉCHÈRE
08/05/23;08/05/23;GRAND PRIX LEO THOMAS;U17 hommes;G.O. LA LECHERE;Route;73;LA LÉCHÈRE
08/05/23;08/05/23;GRAND PRIX LEO THOMAS;Access hommes;G.O. LA LECHERE;Route;73;LA LÉCHÈRE
07/05/23;07/05/23;GRAND PRIX DE LA ROCHE;Access hommes;UC TAIN TOURNON;Route;7;LA ROCHE DE GLUN
07/05/23;07/05/23;GRAND PRIX  DE LA ROCHE U17;U17 hommes;UC TAIN TOURNON;Route;7;LA ROCHE DE GLUN
07/05/23;07/05/23;PETIT PRIX DE LA ROCHE DE GLUN;Ecole de route;UC TAIN TOURNON;Route;7;LA ROCHE DE GLUN
07/05/23;07/05/23;GRAND PRIX DES INDUSTRIES DE BELLEY;Access hommes;U.C. CULOZ/BELLEY;Route;1;BELLEY
07/05/23;07/05/23;GRAND PRIX DES INDUSTRIES DE BELLEY;Open1 hommes et +;U.C. CULOZ/BELLEY;Route;1;BELLEY
06/05/23;06/05/23;TOUR DU PAYS D OLLIERGUES;U19 hommes fédéral;VELO CLUB AMBERTOIS ;Route;63;
06/05/23;06/05/23;ECOLE DE CYCLISME - JEUX ET SPRINTS;Ecole de route;LA MOTTE SERVOLEX CYCLISME;Route;73;LA MOTTE-SERVOLEX
06/05/23;06/05/23;GRAND PRIX DE SAINT PRIESAINT ECOLE DE CYCLISME;Ecole de route;E.C. SAINT PRIEST;Route;69;SAINT PRIESAINT
01/05/23;01/05/23;PRIX CYCLISTE "AU MAGASIN DE VELO";Open1 hommes et +;SPRINTER CLUB AURILLACOIS;Route;15;AURILLAC
01/05/23;01/05/23;GRAN PRIX DE CRUAS;Open3 hommes et +;SJVC MONTELIMAR;Route;7;CRUAS
01/05/23;01/05/23;GRAN PRIX DE CRUAS;U17 hommes;SJVC MONTELIMAR;Route;7;CRUAS
01/05/23;01/05/23;GRAN PRIX DE CRUAS;U15 hommes;SJVC MONTELIMAR;Route;7;CRUAS
01/05/23;01/05/23;GRAND PRIX DE LA MUNICIPALITE;Open2 hommes et +;R.O. CHAMBON FEUGEROLLES;Route;42;CHAMBON FEUGEROLLES
01/05/23;01/05/23;GRAND PRIX DE LA MUNICIPALITE;Open3 hommes et +;R.O. CHAMBON FEUGEROLLES;Route;42;CHAMBON FEUGEROLLES
01/05/23;01/05/23;GRAND PRIX DE LA MUNICIPALITE;U17 hommes;R.O. CHAMBON FEUGEROLLES;Route;42;CHAMBON FEUGEROLLES
01/05/23;01/05/23;GRAND PRIX DE LA MUNICIPALITE;Elites femmes (régional) et +;R.O. CHAMBON FEUGEROLLES;Route;42;CHAMBON FEUGEROLLES
01/05/23;01/05/23;GRAND PRIX DE LA MUNICIPALITE;Elites femmes (régional) et +;R.O. CHAMBON FEUGEROLLES;Route;42;CHAMBON FEUGEROLLES
01/05/23;01/05/23;GRAND PRIX DE LA MUNICIPALITE;Open3 hommes et +;R.O. CHAMBON FEUGEROLLES;Route;42;CHAMBON FEUGEOLLES
01/05/23;01/05/23;GRAND PRIX DE CHAVANOD;Access hommes;E.S. SEYNOD;Route;74;CHAVANOD
01/05/23;01/05/23;GRAND PRIX DE CHAVANOD;Open1 hommes et +;E.S. SEYNOD;Route;74;CHAVANOD
01/05/23;01/05/23;GRAND PRIX DE LA VILLE DE FONTAINE;Ecole de route;A.S. FONTAINE;Route;38;FONTAINE
01/05/23;01/05/23;GRAND PRIX DE LA VILLE DE FONTAINE;U17 hommes;A.S. FONTAINE;Route;38;FONTAINE
01/05/23;01/05/23;GRAND PRIX DE LA VILLE DE FONTAINE;Access hommes;A.S. FONTAINE;Route;38;FONTAINE
30/04/23;30/04/23;PRIX DE LA GARE;U17 femmes;VELO SPORT BRIVADOIS ;Route;43;BRIOUDE
30/04/23;30/04/23;PRIX DE LA GARE;U19 hommes régional;VELO SPORT BRIVADOIS ;Route;43;BRIOUDE
30/04/23;30/04/23;PRIX DE LA GARE;U17 hommes;VELO SPORT BRIVADOIS ;Route;43;BRIOUDE
30/04/23;30/04/23;PRIX DE LA GARE;Open2 hommes et +;VELO SPORT BRIVADOIS ;Route;43;BRIOUDE
30/04/23;30/04/23;TROPHEE V.LAVENU CADETS U17;U17 hommes;LA MOTTE SERVOLEX CYCLISME;Route;73;LA MOTTE-SERVOLEX
30/04/23;30/04/23;TROPHEE V.LAVENU MINIMES U15;U15 hommes;LA MOTTE SERVOLEX CYCLISME;Route;73;LA MOTTE-SERVOLEX
30/04/23;30/04/23;ROUTE ECOLE DE CYCLISME;Ecole de route;LA MOTTE SERVOLEX CYCLISME;Route;73;LA MOTTE-SERVOLEX
30/04/23;30/04/23;RONDE DU BASSIN SIOULE LIMAGNE;U19 hommes fédéral;GANNAT SPORTS EVENTS;Route;3;
30/04/23;30/04/23;GRAND PRIX DES HERMONES;Ecole de route;EVIAN VELO;Route;74;LE LYAUD 
30/04/23;30/04/23;GRAND PRIX DES HERMONES;U15 hommes;EVIAN VELO;Route;74;LE LYAUD 
30/04/23;30/04/23;GRAND PRIX DES HERMONES;U17 hommes;EVIAN VELO;Route;74;LE LYAUD 
29/04/23;29/04/23;2ÈME ETAPE DU TOUR DU CANTAL CADETS;U17 hommes;SPRINTER CLUB AURILLACOIS;Route;15;SECTEUR DE SAINT CERNIN 
29/04/23;29/04/23;GRAND PRIX DES ETS ADM METAL ROUTE ECOLE DE VÉLO ;Ecole de route;S.C. BOURG LES VALENCE;Route;26;BOURG LES VALENCE
23/04/23;23/04/23;PRIX DU PRINTEMPS;Access hommes;V.C. CLUSES SCIONZIER;Route;74;SCIONZIER
23/04/23;23/04/23;PRIX DU PRINTEMPS;U17 hommes;V.C. CLUSES SCIONZIER;Route;74;SCIONZIER
23/04/23;23/04/23;PRIX DU PRINTEMPS;U15 hommes;V.C. CLUSES SCIONZIER;Route;74;SCIONZIER
23/04/23;23/04/23;PRIX DE LA VILLE D'AUBENAS;U19 hommes fédéral;U.C. ALBENASSIENNE;Route;7;AUBENAS
23/04/23;23/04/23;TROPHEE SOUVENIR ROGER WALKOWIAK - VILLE DE CUSSET;Elite nationale hommes;AVENIR CYCLISTE CUSSET ;Route;3;CUSSET
23/04/23;23/04/23;PRIX DE SAINT LOUP;U17 hommes;A.C. TARARE/POPEY;Route;69;SAINT LOUP
23/04/23;23/04/23;PRIX DE SAINT LOUP;U15+U17 femmes;A.C. TARARE/POPEY;Route;69;SAINT LOUP
23/04/23;23/04/23;PRIX DE SAINT LOUP;U15 hommes;A.C. TARARE/POPEY;Route;69;SAINT LOUP
23/04/23;23/04/23;PRIX DE SAINT LOUP;Ecole de route;A.C. TARARE/POPEY;Route;69;SAINT LOUP
22/04/23;22/04/23;RENCONTRE ÉCOLE DE CYCLISME À ANNEYRON;Ecole de route;V.C. RAMBERTOIS;Route;26;ANNEYRON
22/04/23;22/04/23;PRIX DU CONSEIL DÉPARTEMENTAL;U19 hommes fédéral;U.C. ALBENASSIENNE;Route;7;AUBENAS
22/04/23;23/04/23;TROPHEE NATIONAL DES JEUNES SUR PISTE;Ecole de route;E.C. ST ETIENNE - LOIRE;Route;42;SAINT ETIENNE
22/04/23;23/04/23;LOIRE LADIES TOUR ELITE OPEN  + ACCESS +;Elites femmes (régional) et +;C.R.4 CHEMINS/ROANNE;Route;42;DÉPARTEMENT DE LA LOIRE
22/04/23;22/04/23;33E BOUCLE DE TRONCAIS SOUVENIR ROGER GUILLAUMIN;Elites hommes (régional) et +;AUMANCE TRONCAIS CYCLISME ;Route;3;HERISSON
19/04/23;19/04/23;PRIX DE LA Z.A LARGELIER COHADE;U17 femmes;VELO SPORT BRIVADOIS ;Route;43;LARGELIER- COHADE
16/04/23;16/04/23;GRAND PRIX DE ROMANS;Open2 hommes et +;V.S. ROMANAIS PEAGEOIS;Route;26;ROMANS
16/04/23;16/04/23;GRAND PRIX DE ROMANS;Ecole de route;V.S. ROMANAIS PEAGEOIS;Route;26;ROMANS
16/04/23;16/04/23;GRAND PRIX DES JEUNES DE CHALAIN LE COMTAL;U17 hommes;V.C. MONTBRISONNAIS;Route;42;CHALAIN LE COMTAL
16/04/23;16/04/23;GRAND PRIX DES JEUNES DE CHALAIN LE COMTAL;U15 hommes;V.C. MONTBRISONNAIS;Route;42;CHALAIN LE COMTAL
16/04/23;16/04/23;GRAND PRIX DES GLAISINS;Access hommes;U.C. CRAN GEVRIER;Route;74;ANNECY , PARC DES GLAISINS 
16/04/23;16/04/23;GRAND PRIX DES GLAISINS;Open1 hommes et +;U.C. CRAN GEVRIER;Route;74;PARC DES GLAISINS ANNECY 
16/04/23;16/04/23;PRIX VILLAVERDE;Ecole de route;R. O. MOULINS YZEURE AVERMES ;Route;3;NEUVY 
16/04/23;16/04/23;PRIX ALBERT PELISSERO;Open2 hommes et +;ISSOIRE CYCLISME;Route;63;ISSOIRE
16/04/23;16/04/23;PRIX JEAN VIALON;U17 hommes;ISSOIRE CYCLISME;Route;63;ISSOIRE
16/04/23;16/04/23;PRIX LOUIS FEUR;U15+U17 femmes;ISSOIRE CYCLISME;Route;63;ISSOIRE
16/04/23;16/04/23;PRIX EUGENE MARCHAND;Elites hommes (régional) et +;ISSOIRE CYCLISME;Route;63;ISSOIRE
16/04/23;16/04/23;CYCLO-CROSS D'EVIAN;Ecole de route;EVIAN VELO;Route;74;EVIAN LES BAINS
16/04/23;16/04/23;GRAND PRIX DE LA SAINT BOYON;Ecole de route;CHARVIEU CHAVAGNEUX I.C.;Route;38;CHARVIEU CHAVAGNEUX
16/04/23;16/04/23;GRAND PRIX DE LA SAINT BOYON;U17 hommes;CHARVIEU CHAVAGNEUX I.C.;Route;38;CHARVIEU CHAVAGNEUX
16/04/23;16/04/23;GRAND PRIX DE LA SAINT BOYON;U15 hommes;CHARVIEU CHAVAGNEUX I.C.;Route;38;CHARVIEU CHAVAGNEUX
16/04/23;16/04/23;GRAND PRIX FEMININ DE CHAMBERY OPEN;Elites femmes (régional) et +;CHAMBERY CYCLISME ORGANISATION;Route;73;CHAMBERY LE VIEUX
16/04/23;16/04/23;GRAND PRIX FEMININ DE CHAMBERY;UCI Femmes;CHAMBERY CYCLISME ORGANISATION;Route;73;CHAMBERY LE VIEUX
16/04/23;16/04/23;MONTEE CHRONOMETREE DE SIRAN;Grimpée chronométrée;A C V AURILLACOIS ;Route;15;LAROQUEBROU
16/04/23;16/04/23;TOUR DU BARRAGE DE NEPES;Open1 hommes et +;A C V AURILLACOIS ;Route;15;LAROQUEBROU
15/04/23;16/04/23;COUPE DE FRANCE DES DEPARTEMENTS CADETS SUD EST - CLM PAR EQUIPE;U17 hommes;TEAM CYCLISTE CHATEL-GUYON ;Route;63;
15/04/23;16/04/23;COUPE DE FRANCE DES DEPARTEMENTS MINIMES CADETTES SUD EST - CLM PAR EQUIPE;U15+U17 femmes;TEAM CYCLISTE CHATEL-GUYON ;Route;63;
15/04/23;15/04/23;CHAMPIONNATS AUVERGNE-RHÔNE-ALPES ROUTE CLM PAR EQUIPE;Test chronométré;TEAM CYCLISTE CHATEL-GUYON ;Route;63;CHATEL GUYON
10/04/23;10/04/23;PRIX UTZ;U17 hommes;VELO CLUB D'AMBERIEU;Route;1;VILLETTE SUR AIN
10/04/23;10/04/23;GRAND PRIX CYCLISTE SOUVENIR JEAN CLAPISSON;Access hommes;VELO CLUB D'AMBERIEU;Route;1;VILLETTE SUR AIN
10/04/23;10/04/23;GRAND PRIX CYCLISTE SOUVENIR JEAN CLAPISSON;Open2 hommes et +;VELO CLUB D'AMBERIEU;Route;1;VILLETTE SUR AIN
10/04/23;10/04/23;PRIX DES CORNARDS;Elites hommes (régional) et +;ISSOIRE SPORT ORGANISATION ;Route;63;BEAUMONT
10/04/23;10/04/23;GRAND PRIX DE VOUGY;Elite nationale hommes;C.R.4 CHEMINS/ROANNE;Route;42;VOUGY
10/04/23;10/04/23;JOURNEE NATIONALE DES ECOLES DE VELO;Ecole de route;AVENIR CYCLISTE CUSSET ;Route;3;CUSSET
09/04/23;09/04/23;PRIX DE LA TOUR DU PIN;Elites femmes (régional) et +;VELO CLUB TURRIPINOIS;Route;38;LA TOUR DU PIN
09/04/23;09/04/23;PRIX DE LA TOUR DU PIN ;Ecole de route;VELO CLUB TURRIPINOIS;Route;38;LA TOUR DU PIN
09/04/23;09/04/23;PRIX DE LA TOUR DU PIN FEMININE MINIMES CADETTES;U15+U17 femmes;VELO CLUB TURRIPINOIS;Route;38;LA TOUR DU PIN
09/04/23;09/04/23;COURSES CYCLISTE DE PAQUES;Open1 hommes et +;VELO CLUB MAURSOIS ;Route;15;TREMOUILLE ( COMMUNE DE  LADINHAC 15
09/04/23;09/04/23;COURSE CYCLISTE DE PAQUES;U17 hommes;VELO CLUB MAURSOIS ;Route;15;TREMOUILLE ( COMMUNE DE  LADINHAC 15
09/04/23;09/04/23;COURSE CYCLISTE DE PAQUES;U15 hommes;VELO CLUB MAURSOIS ;Route;15;TREMOUILLE ( COMMUNE DE  LADINHAC 15
09/04/23;09/04/23;PRIX DE VOUGY;Open1 hommes et +;C.R.4 CHEMINS/ROANNE;Route;42;VOUGY 
02/04/23;02/04/23;PRIX SOUVENIR ALEXIS GUILGAUT;Ecole de route;VELO CLUB D'AMBERIEU;Route;1;CHAZEY SUR AIN
02/04/23;02/04/23;PRIX PRIVALYS ;U17 hommes;VELO CLUB D'AMBERIEU;Route;1;CHAZEY SUR AIN
02/04/23;02/04/23;25ÈME GRAND PRIX DE LA MUNICIPALITE RAMBERTOISE;U15 hommes;V.C. RAMBERTOIS;Route;26;SAINT RAMBERT D'ALBON
02/04/23;02/04/23;25ÈME GRAND PRIX DE LA MUNICIPALITE RAMBERTOISE;U17 hommes;V.C. RAMBERTOIS;Route;26;SAINT RAMBERT D'ALBON
02/04/23;02/04/23;25ÈME GRAND PRIX DE LA MUNICIPALITE RAMBERTOISE;Open2 hommes et +;V.C. RAMBERTOIS;Route;26;SAINT RAMBERT D'ALBON
02/04/23;02/04/23;PRIX DE NEUVILLE SUR AIN;U19 hommes régional;BOURG EN BRESSE AIN CYCLISME;Route;1;NEUVILLE SUR AIN
02/04/23;02/04/23;PRIX DE NEUVILLE SUR AIN;Access hommes;BOURG EN BRESSE AIN CYCLISME;Route;1;NEUVILLE SUR AIN
01/04/23;01/04/23;PRIX DE LA MUNICIPALITE DE SERVANT;Open1 hommes et +;E. C. CLERMONT-FERRAND ;Route;63;SERVANT (63)
26/03/23;26/03/23;ANNEMASSE BELLEGARDE ET RETOUR;Elite nationale hommes;V.C. ANNEMASSE;Route;74;ANNEMASSE
26/03/23;26/03/23;GRAND PRIX DE LA VILLE D'ANNEMASSE;U17 hommes;V.C. ANNEMASSE;Route;74;ANNEMASSE
26/03/23;26/03/23;TOUR ARDECHE MERIDIONALE CDF NATIONALE 3;Elite nationale hommes;U.C. ALBENASSIENNE;Route;7;AUBENAS
26/03/23;26/03/23;LA CORIMA DROME PROVENCALE;Cyclosportive;SJVC MONTELIMAR;Route;26;MONTELIMAR
26/03/23;26/03/23;GRAND PRIX DE VIENNE;Open2 hommes et +;CLUB VIENNOIS D'ANIMAT CY;Route;38;VIENNE   GEMENS
26/03/23;26/03/23;GRAND PRIX DE VIENNE;Access hommes;CLUB VIENNOIS D'ANIMAT CY;Route;38;VIENNE   GEMENS
26/03/23;26/03/23;GRAND PRIX CYCLISAINTE DE SAINT CHAMOND;Access hommes;C.R. ST CHAMOND;Route;42;SAINT CHAMOND
26/03/23;26/03/23;GRAND PRIX CYCLISAINTE DE SAINT CHAMOND;Open2 hommes et +;C.R. ST CHAMOND;Route;42;SAINT CHAMOND
26/03/23;26/03/23;GRAND PRIX CYCLISAINTE DE SAINT CHAMOND;U17 hommes;C.R. ST CHAMOND;Route;42;SAINT CHAMOND
25/03/23;25/03/23;1ERE ETAPE TOUR CANTAL U17 ROUTE;U17 hommes;VELO CLUB MAURSOIS ;Route;15;MAURS
25/03/23;25/03/23;RENCONTRE DES ECOLES DE CYCLISME;Ecole de route;V.C. PIERRELATTE;Route;26;PIERRELATTE 
25/03/23;25/03/23;PRIX D'ATTENTE GP SAINT ETIENNE;Ecole de route;E.C. ST ETIENNE - LOIRE;Route;42;SAINT ETIENNE
25/03/23;25/03/23;GRAND PRIX DE SAINT ETIENNE;Elite nationale hommes;E.C. ST ETIENNE - LOIRE;Route;42;SAINT ETIENNE
19/03/23;19/03/23;PRIX DE LA Z.A LARGELIER COHADE;U17 hommes;VELO SPORT BRIVADOIS ;Route;43;LARGELIER-COHADE
19/03/23;19/03/23;JOURNEE COMPLETE DES ECOLES DE VELO Z.A LARGELIER COHADE;Ecole de route;VELO SPORT BRIVADOIS ;Route;43;LARGELIER- COHADE
19/03/23;19/03/23;SOUVENIR JACQUES MARTINET;U17 hommes;VELO CLUB SANSAC ARPAJON ;Route;15;SANSAC DE MARMIESSE
19/03/23;19/03/23;SOUVENIR JACQUES MARTINET;U15 hommes;VELO CLUB SANSAC ARPAJON ;Route;15;SANSAC DE MARMIESSE
19/03/23;19/03/23;CHALLENGE RENE ISSIOT;Open2 hommes et +;VELO CLUB SANSAC ARPAJON ;Route;15;SANSAC DE MARMIESSE
19/03/23;19/03/23;PRIX DE LA MUNICIPALITE;U17 hommes;V.C. VAULX EN VELIN;Route;69;VAULX-EN-VELIN
19/03/23;19/03/23;PRIX DE LA MUNICIPALITE;Ecole de route;V.C. VAULX EN VELIN;Route;69;VAULX-EN-VELIN
19/03/23;19/03/23;26E GRAND PRIX DU PRINTEMPS DE SALES;Open2 hommes et +;V.C. RUMILLIEN;Route;74;SALES
19/03/23;19/03/23;GRAND PRIX DE MONTMEYRAN;Open2 hommes et +;U.C. MONTMEYRAN VALENCE;Route;26;MONTMEYRAN
19/03/23;19/03/23;GRAND PRIX DE MONTMEYRAN FEMININES;Elites femmes (régional) et +;U.C. MONTMEYRAN VALENCE;Route;26;MONTMEYRAN
19/03/23;19/03/23;PRIX DE LA VILLE AUBENAS;Open3 hommes et +;U.C. ALBENASSIENNE;Route;7;AUBENAS
19/03/23;19/03/23;PRIX DE LA VILLE AUBENAS;U17 hommes;U.C. ALBENASSIENNE;Route;7;AUBENAS
19/03/23;19/03/23;PRIX DE LA VILLE AUBENAS;U15 hommes;U.C. ALBENASSIENNE;Route;7;AUBENAS
19/03/23;19/03/23;INTER CLUB LOIRE;Ecole de route;SQUADRA SAINTE-ROMANAISE;Route;42;SAINT CYR LES VIGNES
19/03/23;19/03/23;PRIX DE BOURG EN BRESSE;Ecole de route;E.C. BOURG EN BRESSE;Route;1;BOURG EN BRESSE
19/03/23;19/03/23;GRAND PRIX DU CROS;Open1 hommes et +;CLASSIC JEAN PATRICK DUBUISSON ORGANISATIONS ;Route;3;DOMERAT
18/03/23;18/03/23;10ÈME TOUR DU PAYS SAINT POURCINOIS;Elites hommes (régional) et +;U C VARENNES SAINT POURCAIN ;Route;3;SAINT-POURÇAIN SUR SIOULE
12/03/23;12/03/23;2EME PRIX DE SAINT MAURICE DE SAINT REMENS ;Access hommes;VELO CLUB D'AMBERIEU;Route;1;SAINT MAURICE DE REMENS
12/03/23;12/03/23;2EME PRIX DE SAINT MAURICE DE SAINT REMENS ;Open2 hommes et +;VELO CLUB D'AMBERIEU;Route;1;SAINT MAURICE DE REMENS
12/03/23;12/03/23;2EME PRIX DE SAINT MAURICE DE SAINT REMENS ;U17 hommes;VELO CLUB D'AMBERIEU;Route;1;SAINT MAURICE DE REMENS
12/03/23;12/03/23;2EME PRIX DE SAINT MAURICE DE SAINT REMENS ;U15 hommes;VELO CLUB D'AMBERIEU;Route;1;SAINT MAURICE DE REMENS
12/03/23;12/03/23;GRAND PRIX DE BOURG-DE-PEAGE;Open2 hommes et +;V.S. ROMANAIS PEAGEOIS;Route;26;BOURG-DE-PEAGE
12/03/23;12/03/23;CRITERIUM DES JEUNES CYCLES SONIER;Ecole de route;SARRAS ST VALLIER CYCLISME;Route;26;BEAUSEMBLANT
12/03/23;12/03/23;GRAND PRIX D ALLEVARD ET DE LA CHAPELLE DU BARD ;U17 hommes;G.M.C. 38 (EYBENS FORMATION);Route;38;ALLEVARD
12/03/23;12/03/23;GRAND PRIX D ALLEVARD ET DE LA CHAPELLE DU BARD;Elites hommes (régional) et +;G.M.C. 38 (EYBENS FORMATION);Route;38;ALLEVARD
12/03/23;12/03/23;GRAND PRIX D ALLEVARD ET DE LA CHAPELLE DU BARD ;Open3 hommes et +;G.M.C. 38 (EYBENS FORMATION);Route;38;ALLEVARD
12/03/23;12/03/23;PRIX DE LA ZONE INDUSTRIELLE DE CUSSET;Elites femmes (régional) et +;AVENIR CYCLISTE CUSSET ;Route;3;CUSSET
12/03/23;12/03/23;PRIX DE LA ZONE INDUSTRIELLE DE CUSSET;Ecole de route;AVENIR CYCLISTE CUSSET ;Route;3;CUSSET
12/03/23;12/03/23;PRIX DE LA ZONE INDUSTRIELLE DE CUSSET;U17 hommes;AVENIR CYCLISTE CUSSET ;Route;3;CUSSET
12/03/23;12/03/23;PRIX DE LA ZONE INDUSTRIELLE DE CUSSET;U15+U17 femmes;AVENIR CYCLISTE CUSSET ;Route;3;CUSSET
12/03/23;12/03/23;PRIX DE LA ZONE INDUSTRIELLE DE CUSSET;Elites femmes (régional) et +;AVENIR CYCLISTE CUSSET ;Route;3;CUSSET
12/03/23;12/03/23;PRIX DE LA ZONE INDUSTRIELLE DE CUSSET;Access hommes;AVENIR CYCLISTE CUSSET ;Route;3;CUSSET
12/03/23;12/03/23;PRIX DE LA ZONE INDUSTRIELLE DE CUSSET;Open1 hommes et +;AVENIR CYCLISTE CUSSET ;Route;3;CUSSET
11/03/23;11/03/23;PRIX TARARE POPEY;U15+U17 femmes;A.C. TARARE/POPEY;Route;69;SAINT ROMAIN DE POPEY
11/03/23;11/03/23;PRIX TARARE POPEY;U15 hommes;A.C. TARARE/POPEY;Route;69;SAINT ROMAIN DE POPEY
11/03/23;11/03/23;PRIX TARARE POPEY;Access hommes;A.C. TARARE/POPEY;Route;69;SAINT ROMAIN DE POPEY
11/03/23;11/03/23;PRIX TARARE POPEY;Open2 hommes et +;A.C. TARARE/POPEY;Route;69;SAINT ROMAIN DE POPEY
11/03/23;11/03/23;PRIX TARARE POPEY;U17 hommes;A.C. TARARE/POPEY;Route;69;SAINT ROMAIN DE POPEY
05/03/23;05/03/23;PRIX D'OUVERTURE DE SAINT CONSTANT;Open1 hommes et +;VELO CLUB MAURSOIS ;Route;15;SAINT CONSTANT
05/03/23;05/03/23;PRIX D'OUVERTURE DE SAINT CONSTANT;U17 hommes;VELO CLUB MAURSOIS ;Route;15;SAINT CONSTANT
05/03/23;05/03/23;PRIX D'OUVERTURE DE SAINT CONSTANT;U15 hommes;VELO CLUB MAURSOIS ;Route;15;SAINT CONSTANT
05/03/23;05/03/23;PRIX D'OUVERTURE DE SAINT CONSTANT;Ecole de route;VELO CLUB MAURSOIS ;Route;15;SAINT CONSTANT
05/03/23;05/03/23;PRIX AUTO PIECES AUVERGNE;Open2 hommes et +;V C COURNON D'AUVERGNE;Route;63;COURNON D'AUVERGNE
05/03/23;05/03/23;PRIX AUTO PIECES AUVERGNE;U17 hommes;V C COURNON D'AUVERGNE;Route;63;COURNON D'AUVERGNE
05/03/23;05/03/23;PRIX AUTO PIECES AUVERGNE;Access hommes;V C COURNON D'AUVERGNE;Route;63;COURNON D'AUVERGNE
05/03/23;05/03/23;PRIX AUTO PIECES AUVERGNE;Ecole de route;V C COURNON D'AUVERGNE;Route;63;COURNON D'AUVERGNE
05/03/23;05/03/23;PRIX AUTO PIECES AUVERGNE;U15+U17 femmes;V C COURNON D'AUVERGNE;Route;63;COURNON D'AUVERGNE
05/03/23;05/03/23;PRIX AUTO PIECES AUVERGNE;Elites femmes (régional) et +;V C COURNON D'AUVERGNE;Route;63;COURNON D'AUVERGNE
05/03/23;05/03/23;GRAND PRIX DE SAINT JAMES VELO CLUB SOUVENIR ANDRE REBOUL;Open2 hommes et +;SJVC MONTELIMAR;Route;26;MONTELIMAR
05/03/23;05/03/23;GRAND PRIX DE CHAVANOZ;Ecole de route;CHARVIEU CHAVAGNEUX I.C.;Route;38;CHAVANOZ
05/03/23;05/03/23;GRAND PRIX DE CHAVANOZ SOUVENIR MONTOYA;Open1 hommes et +;CHARVIEU CHAVAGNEUX I.C.;Route;38;CHAVANOZ
26/02/23;26/02/23;PROLOGUE VALLEE DU BEDAT;Access hommes;VELO SPORT GERZATOIS ;Route;63;BLANZAT
26/02/23;26/02/23;CIRCUIT COMMUNES VALLEE DU BEDAT;Open2 hommes et +;VELO SPORT GERZATOIS ;Route;63;BLANZAT
26/02/23;26/02/23;CIRCUIT DE LA VALLEE DU BEDAT;Elite nationale hommes;E. C. CLERMONT-FERRAND ;Route;63;
26/02/23;26/02/23;FAUN DRÔME CLASSIC;UCI classe 1 et World Tour;BOUCLES DROME ARDECHE ORGANISATION;Route;7;
26/02/23;26/02/23;PROLOGUE FEMININ CIRCUIT DES COMMUNES VALLEE DU BEDAT;Elites femmes (régional) et +;ASPTT CLERMONT-FERRAND ;Route;63;BLANZAT
25/02/23;25/02/23;FAUN CLASSIC ARDECHE ENVIRONNEMENT;UCI classe 1 et World Tour;BOUCLES DROME ARDECHE ORGANISATION;Route;7;
